[
  {
    "name": "SURRENDRA KUMAR DAS",
    "sonOf": "BANGALI DAS DAVAGAR",
    "refDetail": "GIRIDHAR KUMAR",
    "licenseNo": "A08914V11027PL23",
    "district": "JAMUI",
    "pinCode": "811307",
    "address": "W.NO- 28, NIMARANG, JAMUI, BIHAR",
    "aadharCardNo": "813182106189",
    "panNo": "APUPD7385N",
    "mobile": "8102706471",
    "status": "Verified",
    "issuedAt": "2024-06-12T10:00:00Z",
    "expiresAt": "2027-06-12T10:00:00Z"
  },
  {
    "name": "MUKESH KUMAR",
    "sonOf": "SUKEV",
    "refDetail": "GIRIDHAR KUMAR",
    "licenseNo": "A08914V11027PL23",
    "district": "JAMUI",
    "pinCode": "611305",
    "address": "VILL- MAURA, PO-MAURA, PS-GIDHAUR, MAURA, JAMUI, BIHAR",
    "aadharCardNo": "871338860806",
    "panNo": "CZGPK5798Q",
    "mobile": "7908724826",
    "status": "Verified",
    "issuedAt": "2024-06-12T10:00:00Z",
    "expiresAt": "2027-06-12T10:00:00Z"
  },
  {
    "name": "ROHIT KUMAR",
    "sonOf": "SAHADEV MANDAL",
    "refDetail": "GRIDHAR KUMAR",
    "licenseNo": "A08914V11027PL23",
    "district": "JAMUI",
    "pinCode": "811308",
    "address": "GRAM-DHAPARI, PO-BARAJOR, TOLA-BARAJOR, JAMUI, BIHAR",
    "aadharCardNo": "989279898305",
    "panNo": "BYYPK0701G",
    "mobile": "9955271620",
    "status": "Verified",
    "issuedAt": "2024-06-12T10:00:00Z",
    "expiresAt": "2027-06-12T10:00:00Z"
  },
  {
    "name": "NARESH KUMAR",
    "sonOf": "KEDAR SAV",
    "refDetail": "GRIDHAR KUMAR",
    "licenseNo": "A08914V11027PL23",
    "district": "JAMUI",
    "pinCode": "811315",
    "address": "VILL-SABALBIGHA, PS-SIKANDRA, SABAL BIGHA, PO-SAWAL BIGHA, JAMUI, BHAR",
    "aadharCardNo": "596326847847",
    "panNo": "BLAPK0005P",
    "mobile": "8789577184",
    "status": "Verified",
    "issuedAt": "2024-06-12T10:00:00Z",
    "expiresAt": "2027-06-12T10:00:00Z"
  },
  {
    "name": "AADARSH KUMAR RAWAT",
    "sonOf": "NIRANJAN RAWAT",
    "refDetail": "GIRIDHAR KUMAR",
    "licenseNo": "A08914V11027PL23",
    "district": "JAMUI",
    "pinCode": "811305",
    "address": "GRAM- MAURA, PO- MAURA, PS- GIDHAUR, MAURA, JAMUI, BIHAR",
    "aadharCardNo": "701922025387",
    "panNo": "ECLPR4297B",
    "mobile": "9939178819",
    "status": "Verified",
    "issuedAt": "2024-06-12T10:00:00Z",
    "expiresAt": "2027-06-12T10:00:00Z"
  },

  {
    "name": "GEETA SORAN",
    "sonOf": "GURUDEO HANSDA",
    "refDetail": "GRIDHAR KUMAR",
    "licenseNo": "A08914V11027FL23",
    "district": "JAMUI",
    "pinCode": "",
    "address": "W.NO-07, NENGRIMOH, GIDHAUR, GUGULDIH, JAMUI, BIHAR",
    "aadharCardNo": "716401933415",
    "panNo": "ANTP10038L",
    "mobile": "7816116489",
    "status": "Verified",
    "issuedAt": "2024-06-12T10:00:00Z",
    "expiresAt": "2027-06-12T10:00:00Z"
  }
]