[
  {
    "name": "DEEPAK KUMAR",
    "sonOf": "ANIL MANDAL",
    "refDetail": "MITHLESH KUMAR",
    "licenseNo": "A0513YY11PK2252E",
    "district": "MUNGER",
    "pinCode": "811213",
    "address": "VILL-DULARPUR, PO-DULARPUR, PS-KHARAGPUR, DIST-MUNGER, BIHAR",
    "aadharCardNo": "691532295137",
    "panNo": "BMHPK2252E",
    "mobile": "7488889273",
    "status": "Verified",
    "issuedAt": "2024-06-12T10:00:00Z",
    "expiresAt": "2027-06-12T10:00:00Z"
  },
  {
    "name": "MONI KUMARI",
    "sonOf": "ROSHAN KUMAR",
    "refDetail": "MITHLESH KUMAR",
    "licenseNo": "A00983V11LMEP76N",
    "district": "MUNGER",
    "pinCode": "811214",
    "address": "VILL- MATADIH, PO- JAMAHPUR, PS- JAMAHPUR, DIST-MUNGER, BIHAR",
    "aadharCardNo": "558580229983",
    "panNo": "LMEPK6576N",
    "mobile": "7542925446",
    "status": "Verified",
    "issuedAt": "2024-06-12T10:00:00Z",
    "expiresAt": "2027-06-12T10:00:00Z"
  },
  {
    "name": "SUBHASH KUMAR NIRALA",
    "sonOf": "NARAYAN PRASAD",
    "refDetail": "MITHELESH KUMAR",
    "licenseNo": "A08914V11027PL23",
    "district": "MUNGER",
    "pinCode": "811213",
    "address": "GRAM+PO-DARIYAPUR, PS-GANGTA, H KHARAGPUR, DARIYAPUR, MUNGER, BIHAR",
    "aadharCardNo": "957091477085",
    "panNo": "AFDPN5530J",
    "mobile": "8298948739",
    "status": "Verified",
    "issuedAt": "2024-06-12T10:00:00Z",
    "expiresAt": "2027-06-12T10:00:00Z"
  },
  {
    "name": "DHANRAJ KUMAR",
    "sonOf": "ANANT PRASAD VERMA",
    "refDetail": "MITHLESH KUMAR",
    "licenseNo": "A08914V11027PL23",
    "district": "MUNGER",
    "pinCode": "811213",
    "address": "KHASH BAZAR, KHARAGPUR, HAWELI, KHARAGPUR, MUNGER, BIHAR",
    "aadharCardNo": "381815935615",
    "panNo": "HXQPK8990H",
    "mobile": "6205117148",
    "status": "Verified",
    "issuedAt": "2024-06-12T10:00:00Z",
    "expiresAt": "2027-06-12T10:00:00Z"
  },
  {
    "name": "SHAMBIU KR. YADAV",
    "sonOf": "ADHIK LAL YADAV",
    "refDetail": "DHIRENDRA PRASAD YADAV",
    "licenseNo": "A08914V11027PL23",
    "district": "BANKA",
    "pinCode": "813202",
    "address": "VILL- RAMNAGAR BARADIH, PO-BELHAR, PS- BELHAR, BC-BELHAR, BANKA, BIHAR",
    "aadharCardNo": "662787217095",
    "panNo": "AGBPY9796J",
    "mobile": "9572460918",
    "status": "Verified",
    "issuedAt": "2024-06-12T10:00:00Z",
    "expiresAt": "2027-06-12T10:00:00Z"
  },
  {
    "name": "LAIU YADAV",
    "sonOf": "RAM YADAV",
    "refDetail": "DHIRENRA PD. YADAV",
    "licenseNo": "A08914V11027PL23",
    "district": "BANKA",
    "pinCode": "813202",
    "address": "VILL-DEVANDIH, PO-JHIKULIYA, PS-BELHAR, BANKA, BIHAR",
    "aadharCardNo": "856251449431",
    "panNo": "AKEPY9504B",
    "mobile": "9263321930",
    "status": "Verified",
    "issuedAt": "2024-06-12T10:00:00Z",
    "expiresAt": "2027-06-12T10:00:00Z"
  },
  {
    "name": "PREMLATA KUMARI",
    "sonOf": "RAMRANJAN KUMAR SINGH",
    "refDetail": "AMIT KUMAR PASWAN",
    "licenseNo": "A08914V11027PL23",
    "district": "MUNGER",
    "pinCode": "811213",
    "address": "VILL-JAMGHAT, PO+PS-DARIYAPUR, KHARAGPUR, MUNGER, BIHAR",
    "aadharCardNo": "314572321591",
    "panNo": "HARPK27571",
    "mobile": "7646056892",
    "status": "Verified",
    "issuedAt": "2024-06-12T10:00:00Z",
    "expiresAt": "2027-06-12T10:00:00Z"
  },
  {
    "name": "AKASH SAH",
    "sonOf": "ASHOK SAH",
    "refDetail": "GIRIDHAR KUMAR",
    "licenseNo": "BHIQEPK7794AAIC25/26",
    "district": "JAMUI",
    "pinCode": "811307",
    "address": "NIMARANG, JAMUI, JAMUI, BIHAR",
    "aadharCardNo": "708055777794",
    "panNo": "IQEPK4905A",
    "mobile": "6202475187",
    "status": "Verified",
    "issuedAt": "2024-06-12T10:00:00Z",
    "expiresAt": "2027-06-12T10:00:00Z"
  }
]