
[
  {
    "name": "RAJEEV KUMAR",
    "sonOf": "SAHENDRA YADAV",
    "refDetail": "MITHLESH KUMAR",
    "licenseNo": "A01742V11PK9964G",
    "district": "MUNGER",
    "pinCode": "813321",
    "address": "VILL- AFJALNAGAR, PO- LAUNA, PS-TARAPUR, DIST-MUNGER, BIHAR",
    "aadharCardNo": "364546811742",
    "panNo": "FQCPK9964G",
    "mobile": "7488550211",
    "status": "Verified",
    "issuedAt": "2024-06-12T10:00:00Z",
    "expiresAt": "2027-06-12T10:00:00Z"
  },
  {
    "name": "VIKKY KUMAR SINGH",
    "sonOf": "SHAMBIU SHARAN SINGH",
    "refDetail": "MITHLESH KUMAR",
    "licenseNo": "A03301V11PS4486M",
    "district": "MUNGER",
    "pinCode": "811213",
    "address": "VILL+PO-PARSANDO, PS-HAVELI KHARAGPUR, DIST-MUNGER, BIHAR",
    "aadharCardNo": "768960733301",
    "panNo": "FURPS4486M",
    "mobile": "7761981448",
    "status": "Verified",
    "issuedAt": "2024-06-12T10:00:00Z",
    "expiresAt": "2027-06-12T10:00:00Z"
  },
  {
    "name": "VIVEKANAND SINGH",
    "sonOf": "PARMESHWAR SINGH",
    "refDetail": "MITHLESH KUMAR",
    "licenseNo": "A00505V11PS6501P",
    "district": "MUNGER",
    "pinCode": "811213",
    "address": "VILL+PO-TILWARIYA, PS-HAVELI KHARAGPUR, DIST-MUNGER, BIHAR",
    "aadharCardNo": "998684930505",
    "panNo": "KYXPS6501P",
    "mobile": "9162978555",
    "status": "Verified",
    "issuedAt": "2024-06-12T10:00:00Z",
    "expiresAt": "2027-06-12T10:00:00Z"
  },
  {
    "name": "DHARMBEER KUMAR",
    "sonOf": "GANDHI YADAV",
    "refDetail": "SUNIL SHARMA",
    "licenseNo": "A08914V11027PL23",
    "district": "BANKA",
    "pinCode": "813202",
    "address": "BIRGOWN, MATHURA, SAHABGANG, BELHAR, PO-BELHAR, BANKA, BIHAR",
    "aadharCardNo": "332146535073",
    "panNo": "ITXPK8437H",
    "mobile": "7549726165",
    "status": "Verified",
    "issuedAt": "2024-06-12T10:00:00Z",
    "expiresAt": "2027-06-12T10:00:00Z"
  },
  {
    "name": "PRATIBHA KUMARI",
    "sonOf": "RANGET KUMAR RAY",
    "refDetail": "MITHLESH KUMAR",
    "licenseNo": "A02970V11PK0218B",
    "district": "MUNGER",
    "pinCode": "811213",
    "address": "VILL-POUKARI, PO=KHAIRA, PS-GANGTA, MUNGER, BIHAR",
    "aadharCardNo": "917870662970",
    "panNo": "DSGPK0218B",
    "mobile": "7633876790",
    "status": "Verified",
    "issuedAt": "2024-06-12T10:00:00Z",
    "expiresAt": "2027-06-12T10:00:00Z"
  },
  {
    "name": "RAHUL KUMAR",
    "sonOf": "NAVEEN MANDAL",
    "refDetail": "MITHLESH KUMAR",
    "licenseNo": "A00583V11PK6590H",
    "district": "MUNGER",
    "pinCode": "811213",
    "address": "VILL+PO=GOBADDA, PS-SHAMPUR, MUNGER, BIHAR",
    "aadharCardNo": "643698440583",
    "panNo": "LLWPK6590H",
    "mobile": "5877361884",
    "status": "Verified",
    "issuedAt": "2024-06-12T10:00:00Z",
    "expiresAt": "2027-06-12T10:00:00Z"
  },
  {
    "name": "AMIT KUMAR PASWAN",
    "sonOf": "ASHOK PASWAN",
    "refDetail": "MITHLESH KR. DAS",
    "licenseNo": "A08914V11027PL23",
    "district": "MUNGER",
    "pinCode": "811213",
    "address": "GOBADDA, GOBADDA, MUNGER, BIHAR",
    "aadharCardNo": "881588741993",
    "panNo": "FBAPP0503D",
    "mobile": "6299561114",
    "status": "Verified",
    "issuedAt": "2024-06-12T10:00:00Z",
    "expiresAt": "2027-06-12T10:00:00Z"
  },
  {
    "name": "DEEPAK KUMAR",
    "sonOf": "KRISHNA MURARI",
    "refDetail": "MITHLESH KUMAR",
    "licenseNo": "A00023V11PK8326J",
    "district": "MUNGER",
    "pinCode": "611213",
    "address": "VILL-WEST AZIMGANJ, PO+PS-HAVELI KHARAGPUR, MUNGER, BIHAR",
    "aadharCardNo": "716220100023",
    "panNo": "HKEPK8826J",
    "mobile": "7903619991",
    "status": "Verified",
    "issuedAt": "2024-06-12T10:00:00Z",
    "expiresAt": "2027-06-12T10:00:00Z"
  }
]
